0.75,0,0,0.15200309344504995,"E02 -- zusätzliche MB, da dup nicht bekannt"
1.0,0,0,0.15038481504666718,E03
2.0,0,0,0.11781991711387982,E05
3.0,1,0,1.6817109240403267,E07
4.0,0,1,0.13865348844493983,E09
5.0,1,2,7.839583636278954,E11
6.0,0,3,0.1963972128035033,E13
7.0,0,3,0.2630344058337938,E15
8.0,0,3,0.0,E17
9.0,0,3,0.0,E19
